region,global_label,class_name,count
HC,1,Analcime,940
HC,6,High-Ca Pyroxene,6963
HC,9,Margarite,458
HC,13,Plagioclase,1472
HC,14,Prehnite,1560
HC,15,Serpentine,8697
NF,2,Bassanite,3286
NF,3,Chlorite,386
NF,4,Epidote,996
NF,5,Fe-Olivine,8563
NF,7,Illite/Muscovite,228
NF,10,Mg-Carbonate,4867
NF,13,Plagioclase,1057
NF,14,Prehnite,1161
NF,15,Serpentine,6166
UP,1,Analcime,1751
UP,2,Bassanite,5807
UP,6,High-Ca Pyroxene,432
UP,7,Illite/Muscovite,272
UP,8,Low-Ca Pyroxene,6774
UP,11,Mg-Smectite,1166
UP,12,Monohydrated sulfate,340
UP,13,Plagioclase,202
UP,14,Prehnite,594
