15,15,12,11,12,12,12,11,6,15,15,15,15,15,15,15,15,11,11,11,15,6,12,15,15,12,11,12,11,7,11,7,11,15,15,15,15,15,15,15,15,15,15,15,15,15,15,15,15,15,15,15,15,15,15,15,15,15,15,15,15,15,15,15,15,15,15,15,15,15,15,15,15,15,15,15,15,11,12,6,12,12,12,7,7,7,15,7,15,15,7,15,7,7,15,11,15,15,15,15,15,15,15,11,11,15,15,15,15,15,15,15,15,15,15
11,12,12,12,12,12,12,15,12,11,12,12,15,11,6,15,15,11,11,11,15,11,12,11,11,12,12,15,11,7,7,15,11,15,15,15,15,15,15,15,15,11,15,15,15,15,15,15,15,15,15,15,15,15,15,15,15,15,15,15,15,15,15,15,15,15,15,15,15,15,15,15,15,15,15,15,15,15,15,12,11,15,15,7,7,7,15,15,15,15,7,15,7,7,15,15,15,15,15,15,15,15,15,15,11,15,15,15,15,15,15,15,15,15,6
11,12,12,12,15,12,15,15,12,11,12,12,15,15,6,15,15,6,15,11,15,11,12,11,11,12,15,7,15,7,7,6,11,15,15,15,15,15,15,15,11,6,11,15,15,15,15,15,15,15,15,15,15,15,15,15,15,15,15,15,15,15,15,15,15,15,15,15,15,15,15,15,15,15,15,15,15,15,15,11,12,15,15,11,7,7,15,15,7,15,7,7,7,7,7,15,11,15,15,15,15,15,15,15,15,15,15,15,15,15,15,11,15,11,12
11,12,12,12,12,6,15,15,15,15,12,12,15,15,15,15,15,11,15,11,11,6,12,6,11,12,15,7,15,11,7,7,6,15,15,15,15,15,15,11,11,15,15,15,15,15,15,15,15,15,11,11,15,15,15,15,15,15,15,15,15,15,15,15,15,15,15,15,15,15,15,15,15,15,15,15,15,15,15,15,12,6,7,11,7,7,15,15,15,15,15,15,15,7,7,11,11,15,15,15,15,15,15,15,15,15,15,15,15,15,15,11,15,12,12
11,11,12,12,12,6,11,15,15,15,15,15,15,15,15,15,15,11,11,11,11,6,12,12,11,12,6,11,11,7,7,12,12,11,15,15,15,15,15,15,15,15,15,15,15,15,15,15,15,15,15,15,15,15,15,15,15,15,15,15,15,15,15,15,15,15,15,15,15,15,15,15,15,15,15,15,15,15,15,15,11,11,15,6,7,15,15,15,15,15,15,15,15,7,7,11,15,15,15,15,15,15,15,15,15,15,15,15,15,15,15,15,15,15,15
11,11,11,12,12,6,11,15,15,15,15,15,15,6,15,15,15,11,11,15,15,12,12,15,11,12,6,7,11,7,7,12,12,15,15,15,15,15,15,15,15,15,15,15,15,15,15,15,15,15,12,12,6,15,15,15,15,15,15,15,15,15,15,15,15,15,15,15,15,15,15,15,15,15,15,15,15,15,15,15,12,12,12,11,11,15,15,15,15,15,15,15,7,7,7,7,15,15,15,15,15,15,15,15,15,6,15,15,15,15,15,15,15,15,11
11,11,15,11,12,15,15,15,15,15,15,15,15,15,15,15,15,11,11,11,11,12,12,15,12,12,6,7,7,7,15,12,12,15,15,15,15,15,15,15,15,15,11,15,15,15,15,15,15,15,11,6,11,15,15,15,15,15,15,15,15,15,15,15,15,15,15,15,15,15,15,15,15,15,15,15,15,15,15,15,11,11,6,11,15,15,15,15,15,15,15,7,7,7,11,15,15,15,15,15,15,15,15,15,15,15,15,15,15,15,15,15,15,15,11
11,15,15,15,15,15,15,15,15,15,15,15,15,15,15,15,15,11,11,11,11,12,12,15,12,12,11,11,11,11,7,15,12,15,15,15,15,15,15,15,15,15,15,15,15,11,15,15,15,15,15,15,15,15,15,15,15,15,15,15,15,15,15,15,15,15,15,15,15,15,15,15,15,15,15,15,15,15,15,15,15,11,12,15,11,15,15,15,15,15,15,15,7,15,11,11,11,15,15,15,15,15,15,15,15,15,15,15,15,15,15,15,15,15,15
15,15,15,15,15,15,15,15,15,15,15,15,15,15,15,15,15,15,11,11,11,12,12,15,11,12,6,11,11,11,7,12,15,15,15,15,15,15,15,15,15,15,15,15,15,15,15,15,15,15,15,15,15,15,15,15,15,15,15,15,15,15,15,15,15,15,15,15,15,15,15,15,15,15,15,15,15,15,15,15,15,11,12,11,11,7,15,15,15,15,15,15,7,7,7,12,11,15,15,15,15,15,15,15,15,15,15,15,15,15,15,15,15,15,15
15,15,15,15,15,11,15,15,15,15,15,15,15,15,15,15,15,15,15,15,12,15,11,15,11,12,15,11,11,15,12,11,15,15,15,15,15,15,15,15,15,15,15,11,11,15,15,15,15,15,15,15,15,15,15,15,15,15,15,15,15,15,15,15,15,15,15,15,15,15,15,15,15,15,15,15,15,15,15,15,11,12,12,7,7,15,15,15,15,15,15,7,7,7,7,12,11,15,15,15,15,15,15,15,15,15,15,15,15,15,15,15,15,15,15
11,15,15,15,15,11,15,15,15,15,15,15,15,15,15,15,15,15,11,15,11,11,15,15,15,12,11,11,11,15,12,11,15,15,15,15,15,15,15,15,15,11,15,15,15,15,15,15,15,15,15,15,15,15,15,15,15,15,15,15,15,15,15,15,15,15,15,15,15,15,15,15,15,15,15,15,15,11,15,15,11,12,12,12,11,7,15,15,15,15,15,7,7,7,15,12,11,15,15,15,15,15,15,15,15,15,15,15,15,15,15,15,15,15,15
11,6,15,15,15,15,15,15,15,11,11,15,15,15,15,15,15,15,11,6,15,15,15,11,15,12,11,11,7,7,12,11,15,15,15,15,15,15,15,15,15,15,15,15,15,15,15,15,15,15,15,15,15,15,15,15,15,15,15,15,15,15,15,15,15,15,15,15,15,15,15,15,15,15,15,15,15,12,15,15,12,12,12,12,11,7,7,7,15,15,15,7,7,7,15,12,11,15,15,15,15,15,15,15,15,15,15,15,15,15,15,15,6,15,15
6,6,15,15,15,15,15,15,15,15,15,11,15,15,15,15,15,15,11,11,12,15,15,11,15,12,11,11,7,12,12,12,11,15,15,15,15,15,15,15,15,15,15,15,15,15,15,15,15,15,15,15,15,15,15,15,15,15,15,15,15,15,15,15,15,15,15,15,15,15,15,15,15,15,15,15,15,15,15,15,15,12,12,6,6,7,7,7,7,15,15,7,7,7,15,11,11,15,15,15,15,15,15,15,15,15,15,15,15,15,15,15,11,15,15
6,11,15,15,15,15,15,15,15,15,11,6,15,12,15,15,15,15,15,11,6,12,15,15,15,15,11,15,11,12,12,12,11,15,15,15,15,15,15,15,15,15,11,12,11,15,15,15,15,15,15,15,15,15,15,15,15,15,15,15,15,15,15,15,15,15,15,15,15,15,15,15,15,15,15,15,15,15,15,15,15,11,12,12,6,11,11,7,7,7,15,15,7,7,7,15,12,15,15,15,15,15,15,15,15,15,15,15,15,15,15,15,15,15,15
6,11,11,15,15,15,15,15,15,15,15,11,15,11,15,15,15,15,15,11,6,12,11,11,15,15,11,11,11,11,12,11,11,11,15,15,15,15,15,15,15,15,11,12,12,15,15,15,15,15,15,15,15,15,15,15,15,15,15,15,15,15,15,15,15,15,15,15,15,15,15,15,15,15,15,15,15,15,15,15,15,15,15,15,12,12,11,7,7,7,7,15,7,7,7,15,12,15,15,15,15,15,15,15,15,15,15,15,15,15,15,15,15,15,15
6,11,11,15,15,11,15,15,15,15,15,11,11,11,11,15,15,15,11,11,15,15,15,11,15,15,11,11,11,11,12,11,15,11,11,6,15,15,15,15,15,11,11,11,15,11,15,15,15,15,15,15,15,15,15,15,15,15,15,15,15,15,15,15,15,15,15,15,15,15,15,15,15,15,15,15,15,15,15,15,15,15,15,11,11,11,7,11,7,7,7,15,15,7,7,7,15,11,15,15,15,15,15,15,15,15,15,15,15,15,15,15,15,15,15
15,6,11,11,11,15,15,15,11,11,11,11,11,11,11,15,15,15,11,11,11,15,15,11,15,11,11,11,11,12,12,15,15,15,12,6,11,15,15,15,15,15,15,15,15,15,15,15,15,15,15,15,15,15,15,15,15,15,15,15,15,15,15,15,15,15,15,15,15,15,15,15,15,15,15,15,15,15,15,15,15,15,15,12,12,12,6,15,7,7,15,15,15,7,7,7,15,11,15,15,15,15,15,15,15,15,15,15,15,15,15,15,15,15,15
12,11,11,11,11,15,15,15,11,11,11,11,11,11,11,11,11,11,11,12,12,11,15,15,15,11,15,11,11,11,15,15,15,15,11,11,15,15,15,15,15,15,15,11,15,15,15,15,15,15,15,15,15,15,15,15,15,15,15,15,15,15,15,15,15,15,15,15,15,15,15,15,15,15,15,15,15,15,15,15,15,15,12,12,12,12,12,15,7,15,15,15,15,7,11,11,15,11,15,15,15,15,15,15,15,15,15,15,15,15,15,15,15,15,15
11,11,11,11,11,15,11,11,11,11,11,11,6,11,6,6,11,12,12,11,11,15,12,11,15,11,15,11,15,15,15,15,15,15,15,15,15,15,15,15,15,15,15,11,6,15,15,15,15,15,15,15,15,15,15,15,15,15,15,15,15,15,15,15,15,15,15,15,15,15,15,15,15,15,15,15,15,15,15,15,15,15,15,12,11,11,12,7,11,15,15,15,15,7,7,7,12,11,15,15,15,15,15,15,15,15,15,15,15,15,15,15,15,15,15
11,11,11,6,6,15,11,11,6,11,6,6,6,6,6,6,11,6,11,11,11,7,15,11,6,11,11,11,15,11,15,15,15,15,11,15,15,15,15,15,15,15,15,15,15,15,15,15,15,15,15,15,15,15,15,15,15,15,15,15,15,15,15,15,15,15,15,15,15,15,15,15,15,15,15,15,15,15,15,15,15,15,15,15,15,15,11,11,15,7,15,15,15,7,7,7,12,11,15,15,15,15,15,15,15,15,15,15,15,15,15,15,15,15,15
6,11,11,11,6,11,11,11,6,6,6,6,11,6,6,6,11,11,6,11,11,11,7,11,11,12,11,6,12,11,11,15,15,15,15,15,15,15,15,15,15,15,15,15,15,15,15,15,15,15,15,15,15,15,15,15,15,15,15,15,15,15,15,15,15,15,15,15,15,15,15,15,15,15,15,15,15,15,15,15,15,15,15,15,15,15,11,11,15,7,15,15,15,7,7,15,12,15,15,15,15,15,15,15,15,15,15,15,15,15,15,15,15,15,15
6,11,11,11,11,11,11,12,15,11,11,6,6,6,6,11,11,15,11,11,11,11,11,11,11,12,12,6,11,15,11,15,15,15,15,15,15,15,15,15,15,15,15,15,15,15,15,15,15,15,15,15,15,15,15,15,15,15,15,15,15,15,15,15,15,15,15,15,15,15,15,15,15,15,15,15,15,15,15,15,15,15,15,15,15,15,11,6,15,15,15,15,15,11,7,15,12,15,15,15,15,15,15,15,15,15,15,15,15,15,15,15,15,15,15
11,11,11,12,11,6,11,11,6,11,11,15,11,11,11,15,11,6,11,11,11,11,11,11,6,12,6,11,12,11,11,15,15,15,15,15,15,15,15,15,15,15,15,15,15,15,15,15,15,15,15,15,15,15,15,15,15,15,15,15,15,15,15,15,15,15,15,15,15,15,15,15,15,15,15,15,15,15,15,15,15,15,15,15,15,15,15,15,15,15,15,15,15,15,15,11,11,15,15,15,15,15,15,15,15,15,15,15,15,15,15,15,15,15,15
11,11,6,11,11,11,11,12,6,6,11,15,11,11,11,11,11,11,7,7,7,7,15,12,6,12,6,11,12,11,11,15,15,15,15,15,15,15,15,15,15,15,15,15,15,15,15,15,15,15,15,15,15,15,15,15,15,15,15,15,15,15,15,15,15,15,15,15,15,15,15,15,15,15,15,15,15,15,15,15,15,15,15,15,15,15,15,11,6,15,15,15,15,15,15,7,12,12,15,15,15,15,15,15,15,15,15,15,15,15,15,15,15,15,15
11,15,11,11,11,11,15,12,11,15,11,7,7,11,11,11,11,11,7,7,7,11,11,6,6,12,11,11,12,11,11,15,15,15,15,15,15,15,15,15,15,11,11,15,15,15,15,15,15,15,15,15,15,15,15,15,15,15,15,15,15,15,15,15,15,15,15,15,15,15,15,15,15,15,15,15,15,15,15,15,15,15,15,15,15,15,15,11,15,15,7,15,15,11,11,7,12,15,15,15,15,15,15,15,15,15,15,15,15,15,15,15,15,15,15
15,11,6,11,11,11,15,12,11,11,7,11,7,7,11,7,7,7,7,7,11,7,7,15,6,11,11,11,11,11,11,15,15,15,15,15,15,15,15,15,15,11,11,15,15,15,15,15,15,15,15,15,15,15,15,15,15,15,15,15,15,15,15,15,15,15,15,15,15,15,15,15,15,15,15,15,15,15,15,15,15,15,15,15,15,15,15,11,15,15,11,15,15,11,11,11,15,15,15,15,15,15,15,15,15,15,15,15,15,15,15,15,15,15,15
15,15,11,11,11,11,11,15,11,11,11,7,7,7,15,7,7,7,11,15,7,7,7,11,15,11,6,11,11,11,11,15,15,15,15,15,15,15,12,12,15,11,11,11,12,12,15,15,15,15,15,15,15,15,15,15,15,15,15,15,15,15,15,15,15,15,15,15,15,15,15,15,15,15,15,15,15,15,15,15,15,15,15,15,15,11,15,11,7,15,11,11,15,15,15,12,15,15,15,15,15,15,15,15,15,15,15,15,15,15,15,15,15,15,15
15,15,15,11,11,6,6,11,11,11,7,7,7,7,15,7,7,7,11,15,7,7,7,11,7,11,11,11,11,11,11,15,15,15,15,15,15,12,12,12,15,11,6,11,12,12,11,15,15,15,15,15,15,15,15,15,15,15,15,15,15,15,15,15,15,15,15,15,15,15,15,15,15,15,15,15,15,15,15,15,15,15,15,15,15,11,12,12,6,7,15,11,11,7,15,12,15,15,15,15,15,15,15,15,15,15,15,15,15,15,15,15,15,15,15
15,15,15,15,11,6,6,15,11,11,7,7,7,7,15,15,15,7,11,7,7,7,11,11,11,11,11,6,11,11,15,11,11,15,15,15,15,12,12,11,11,11,15,11,12,12,12,15,15,15,15,15,15,15,15,15,15,15,15,15,15,15,15,15,15,15,15,15,15,15,15,15,15,15,15,15,15,15,15,15,15,15,15,15,11,15,11,12,7,15,15,7,7,7,15,12,15,15,15,15,15,15,15,15,15,15,15,15,15,15,15,15,15,15,15
15,15,15,15,11,12,12,12,15,11,7,7,7,7,15,15,7,7,7,7,7,7,11,11,11,11,11,11,11,11,15,11,11,15,15,15,15,15,15,12,11,11,15,15,12,12,12,15,15,15,15,15,15,15,15,15,15,15,15,15,15,15,15,15,15,15,15,15,15,15,15,15,15,15,15,15,15,15,15,15,15,15,15,15,15,11,11,12,12,7,7,15,15,12,12,15,15,15,15,15,15,15,15,15,15,15,15,15,15,15,15,15,15,15,15
15,15,15,15,15,12,12,12,7,11,7,7,7,7,15,15,7,7,7,7,7,7,7,7,7,11,11,11,11,11,15,11,11,15,15,15,15,15,15,11,11,15,15,15,11,12,12,12,15,15,15,15,15,15,15,15,15,15,15,15,15,15,15,15,15,15,15,15,15,15,15,15,15,15,15,15,15,15,15,15,15,15,15,15,12,12,15,12,12,7,7,15,15,12,11,11,15,15,15,15,15,15,15,15,15,15,15,15,15,15,15,15,15,15,15
15,15,15,15,11,12,12,12,15,11,11,7,15,15,15,15,7,11,15,11,7,7,7,7,7,7,7,11,11,11,11,11,15,15,15,15,15,15,15,11,15,15,15,15,15,12,12,12,15,15,15,15,15,15,15,15,15,15,15,15,15,15,15,15,15,15,15,15,15,15,15,15,15,15,15,15,15,15,15,15,15,15,15,15,12,12,11,12,11,7,7,7,12,12,15,15,15,15,15,15,15,15,15,15,15,15,15,15,15,15,15,15,15,15,15
15,15,15,15,11,12,12,12,11,7,7,7,15,15,15,7,7,7,11,7,7,7,7,7,7,7,11,11,7,11,11,11,15,15,15,15,15,11,12,11,15,11,6,12,15,6,12,6,15,15,15,15,15,15,15,15,15,15,15,15,15,15,15,15,15,15,15,15,15,15,15,15,15,15,15,15,15,15,15,15,15,15,15,11,12,12,12,12,15,6,11,7,7,12,15,11,15,15,15,15,15,15,15,15,15,15,15,15,15,15,15,15,15,15,15
15,15,15,12,15,12,12,15,11,7,15,15,15,7,15,15,7,15,7,11,7,7,7,7,11,15,11,11,11,11,11,11,15,15,15,15,15,11,12,12,12,6,12,15,15,12,12,6,15,15,15,15,15,15,15,15,15,15,15,15,15,15,15,15,15,15,15,15,15,15,15,15,15,15,15,15,15,15,15,15,15,15,15,15,11,12,12,12,15,11,11,7,11,12,11,12,15,15,15,15,15,15,15,15,15,15,15,15,15,15,15,15,15,15,15
15,15,15,12,15,15,15,12,15,11,15,7,15,15,15,15,15,7,7,11,11,11,11,15,11,11,15,11,11,11,11,15,15,15,15,15,15,15,15,15,15,6,12,15,15,12,11,15,15,15,15,15,15,15,15,15,15,15,15,15,15,15,15,15,15,15,15,15,15,15,15,15,15,15,15,15,15,15,15,15,15,15,15,15,11,12,12,12,12,11,11,15,15,15,15,11,12,12,12,15,15,15,15,15,15,15,15,15,15,15,15,15,15,15,15
15,15,15,15,15,11,11,6,15,7,11,15,15,15,15,15,15,7,15,11,11,11,7,11,7,15,11,11,11,11,15,15,15,15,15,15,15,15,15,15,15,11,11,11,11,12,11,15,15,15,15,15,15,15,15,15,11,11,15,11,15,15,15,15,15,15,15,15,15,15,15,15,15,15,15,15,15,15,15,15,15,15,15,15,11,12,12,12,12,12,11,15,15,15,15,11,12,12,6,11,15,15,15,15,15,15,15,15,15,15,15,15,15,15,15
15,15,15,15,15,15,11,6,11,7,11,7,15,15,7,15,15,7,7,15,15,11,7,11,7,15,6,11,11,11,11,15,11,15,15,15,15,15,15,15,15,11,15,15,15,11,11,11,15,15,15,15,15,15,11,11,11,11,11,11,11,15,15,15,15,15,15,15,15,15,15,15,15,15,15,15,11,15,15,15,15,15,15,15,15,12,12,12,12,12,15,15,15,15,15,11,12,12,12,12,11,15,15,15,15,15,15,15,15,15,15,15,15,15,15
15,15,15,15,15,15,11,6,11,11,11,11,15,15,7,15,15,15,7,7,7,7,7,11,7,11,6,11,11,11,11,15,11,15,15,15,15,15,15,15,15,15,15,15,15,11,15,15,15,15,15,15,11,11,15,11,11,11,11,12,11,11,15,15,15,15,15,15,15,15,15,15,15,15,15,15,15,15,15,15,15,15,15,15,11,12,12,12,12,15,15,15,15,15,15,11,11,12,12,11,11,11,6,15,15,15,15,15,15,15,15,15,15,15,15
15,15,15,15,15,15,11,6,15,7,11,7,15,15,15,15,15,15,7,7,7,7,7,7,7,11,6,11,11,11,11,15,15,15,15,15,15,15,15,15,15,15,15,15,15,11,12,12,15,15,15,15,15,11,15,12,6,11,11,11,12,11,12,11,15,15,15,15,15,15,15,15,15,15,15,15,15,15,15,15,15,15,15,15,15,12,12,12,12,11,11,15,15,15,15,15,11,15,12,6,6,12,12,12,11,15,15,15,15,15,15,15,15,15,15
15,15,15,15,15,15,15,12,15,7,11,7,15,15,7,15,15,15,7,15,15,15,7,7,7,7,11,11,11,11,11,15,15,15,15,15,15,15,15,15,15,15,15,15,15,12,12,12,12,15,15,15,15,15,15,6,6,11,11,11,12,11,15,12,11,15,15,15,15,15,15,15,15,15,15,15,15,15,15,15,15,15,15,15,15,12,12,12,12,6,15,11,15,15,15,15,15,15,11,11,12,6,6,12,12,12,15,15,15,15,15,15,15,15,15
15,15,15,15,15,15,11,11,15,12,15,11,15,15,7,15,15,15,15,15,15,15,15,7,7,7,7,7,11,11,11,15,15,15,15,15,15,15,15,15,15,15,15,15,12,12,6,12,12,15,15,15,15,15,15,11,15,11,7,12,12,11,15,12,12,11,15,15,15,15,15,15,15,15,15,15,15,15,15,15,15,15,15,15,15,12,12,12,12,11,15,15,15,15,15,15,15,15,15,12,12,12,6,6,12,12,12,15,15,15,15,15,15,15,15
15,15,15,15,15,15,15,15,15,12,15,11,11,7,15,15,15,15,7,15,15,15,15,7,15,7,7,7,7,11,15,15,15,15,15,15,11,15,15,15,15,15,15,15,12,12,12,12,12,15,15,15,15,15,15,15,11,15,15,12,12,15,12,15,11,12,15,15,15,15,15,15,15,15,15,15,15,15,15,15,15,15,15,15,15,11,12,12,15,15,15,15,15,15,15,15,15,15,15,15,15,12,12,15,6,12,12,15,15,15,15,15,15,15,15
15,15,15,15,15,15,15,15,12,11,12,11,11,11,11,7,11,15,7,7,15,15,15,15,7,15,7,7,7,11,15,15,15,15,15,15,11,12,11,15,15,15,15,15,12,15,6,12,12,15,15,15,15,15,15,15,11,15,15,11,11,11,11,15,11,15,12,15,15,15,15,15,15,15,15,15,15,15,15,15,15,15,15,15,15,15,12,12,15,15,15,15,15,15,15,15,15,15,15,15,15,15,15,12,12,12,12,12,11,15,15,15,15,15,15
15,15,15,15,15,15,15,15,15,11,11,12,11,11,11,11,11,11,7,7,15,15,15,15,7,15,7,7,7,11,15,15,12,6,6,11,12,12,11,15,15,15,15,15,12,12,12,12,12,15,15,15,15,15,15,15,15,11,11,11,11,11,12,11,11,15,12,15,15,15,15,15,15,15,15,15,15,15,15,15,15,15,15,15,15,15,15,15,15,15,15,15,15,15,15,15,15,15,15,15,15,15,15,11,12,12,12,12,11,15,15,15,15,15,15
15,15,12,11,15,15,15,15,15,15,12,6,6,11,11,11,11,11,7,7,7,7,15,15,15,15,7,7,12,11,15,15,12,6,11,11,12,11,15,15,15,15,15,11,15,12,12,12,12,15,15,15,15,11,15,15,15,15,11,7,11,15,12,12,12,15,15,15,15,15,15,15,15,15,15,15,15,15,15,15,15,15,15,15,15,15,15,15,15,15,15,15,15,15,15,15,15,15,15,15,15,15,15,15,15,12,12,12,11,15,15,15,15,15,15
15,11,12,11,15,15,15,15,15,15,12,6,12,12,12,6,11,11,7,7,7,7,15,15,15,7,7,7,12,12,15,15,15,6,12,15,6,11,15,15,11,11,15,12,11,6,12,12,12,15,15,15,15,11,15,15,15,11,11,6,11,7,15,12,12,11,15,15,15,15,15,15,15,15,15,15,15,15,15,15,15,15,15,15,15,15,15,15,15,15,15,15,15,15,15,15,15,15,15,15,15,15,15,15,15,15,12,12,11,15,15,11,11,11,15
15,11,11,15,15,15,15,15,15,15,15,12,12,12,11,12,11,11,7,7,7,7,7,15,15,7,7,7,12,12,15,15,12,12,11,15,11,12,15,15,11,15,15,15,12,11,11,12,12,15,15,15,15,15,15,15,15,15,11,11,15,11,15,12,12,11,15,15,15,15,15,15,15,15,15,15,15,15,15,15,15,15,15,15,15,15,15,15,15,15,15,15,15,15,15,15,15,15,15,15,15,15,15,15,15,15,12,12,11,15,11,11,6,6,11
15,11,15,15,15,15,15,15,15,12,7,6,12,12,12,11,11,11,7,7,7,15,15,15,15,7,7,7,15,11,15,15,12,12,6,11,11,12,15,11,11,15,15,15,12,11,11,12,12,15,15,15,15,15,15,15,15,15,11,11,15,11,12,12,15,12,15,15,15,15,15,15,15,15,15,15,15,15,15,15,15,15,15,15,15,15,15,15,15,15,15,15,15,15,15,15,15,15,15,15,15,15,15,15,15,15,15,15,15,15,11,11,6,6,11
15,15,15,15,15,11,11,15,11,12,7,15,12,12,12,12,11,11,7,7,7,15,15,15,15,7,7,7,7,7,15,15,12,11,12,7,6,11,15,11,11,15,15,15,11,11,6,12,6,15,15,15,15,15,15,15,15,15,11,11,12,12,11,15,15,12,15,15,15,15,15,15,15,15,15,15,15,15,15,15,15,15,15,15,15,15,15,15,15,15,15,15,15,15,15,15,15,15,15,15,15,15,15,15,15,15,15,15,15,11,6,6,11,15,12
15,15,15,15,15,15,15,11,12,11,15,15,7,12,12,12,11,11,11,7,7,15,15,15,15,7,7,7,7,7,7,7,11,11,12,15,15,15,15,15,15,15,15,15,15,12,6,11,12,11,15,15,11,15,15,15,15,15,11,11,11,12,12,12,11,12,15,15,15,15,15,15,15,15,15,15,15,15,15,15,15,15,15,15,15,15,15,15,15,15,15,15,15,15,15,15,15,15,15,15,15,15,15,15,15,15,15,15,15,11,6,12,6,6,15
15,15,15,15,15,15,15,15,11,12,12,11,11,15,11,12,11,11,11,7,7,15,15,15,15,15,7,7,7,7,7,7,11,11,11,12,15,15,15,15,15,15,15,11,11,12,11,11,12,11,15,15,11,15,15,15,15,15,15,15,11,12,15,6,12,12,12,11,15,15,15,15,15,15,15,15,15,15,15,15,15,15,15,15,15,15,15,15,15,15,15,15,15,15,15,15,15,15,15,15,15,15,15,15,15,15,15,15,15,11,12,12,12,6,12
15,15,15,15,15,15,15,15,11,11,12,15,11,15,15,15,11,11,11,7,7,15,15,15,15,7,7,7,7,7,7,7,7,6,6,12,15,15,15,15,15,15,15,11,15,11,12,11,12,6,15,15,15,15,15,15,15,15,15,11,11,15,15,11,12,12,12,11,15,15,15,15,15,15,15,15,15,15,15,15,15,15,15,15,15,15,15,15,15,15,15,15,15,15,15,15,15,15,15,15,15,15,15,15,15,15,15,15,15,11,12,12,12,15,12
15,15,15,15,15,15,15,15,15,11,15,11,15,15,12,15,15,11,11,11,11,7,7,7,7,15,7,7,7,7,7,7,7,15,6,6,6,15,15,15,15,15,15,11,15,15,12,12,15,15,15,15,15,15,15,15,15,15,15,11,15,15,15,11,11,7,12,12,12,15,15,15,15,15,15,15,15,15,15,15,15,15,15,15,15,15,15,15,15,15,15,15,15,15,15,15,15,15,15,15,15,15,15,15,15,15,15,15,15,15,11,15,15,15,15
15,15,15,15,15,15,15,15,15,11,12,12,15,12,12,6,11,15,11,11,7,7,7,7,7,15,15,7,7,7,7,7,7,7,7,6,11,15,15,15,15,15,15,15,15,15,15,11,15,15,15,15,15,15,15,6,12,15,11,11,15,15,15,11,11,7,12,12,15,15,15,15,15,15,15,15,15,15,15,15,15,15,15,15,15,15,15,15,15,15,15,15,15,15,15,15,15,15,15,15,15,15,15,15,15,15,15,15,15,15,11,15,15,15,15
15,15,15,15,15,15,15,15,15,11,12,12,12,12,12,6,11,15,15,11,11,11,11,7,7,15,7,7,7,7,7,7,15,6,6,6,11,15,15,15,15,15,15,15,15,15,15,15,15,15,15,15,15,15,15,6,12,15,15,11,15,15,15,11,15,11,12,12,15,15,15,15,15,15,15,15,15,15,15,15,15,15,15,15,15,15,15,15,15,15,15,15,15,15,15,15,15,15,15,15,15,15,15,15,15,15,15,15,15,15,15,11,15,15,15
15,15,15,15,15,15,15,15,15,11,12,12,11,15,15,11,15,15,15,12,11,11,11,11,11,7,7,7,15,7,7,7,15,6,6,11,11,11,15,15,15,15,15,15,15,15,15,15,15,15,15,15,15,15,15,6,12,15,15,11,15,15,6,11,11,15,12,15,15,15,15,15,15,15,15,15,15,15,15,15,15,15,15,15,15,15,15,15,15,15,15,15,15,15,15,15,15,15,15,15,15,15,15,15,15,15,15,15,15,15,15,15,15,7,15
15,15,15,15,15,15,15,11,15,11,15,15,15,15,15,12,12,15,15,15,11,15,11,11,11,7,7,7,15,7,7,7,15,11,15,11,11,11,15,15,15,15,15,15,15,15,15,15,15,15,15,15,15,15,15,6,12,15,11,11,11,11,6,12,15,12,12,15,15,15,15,15,15,15,15,15,15,15,15,15,11,15,15,15,15,15,15,15,15,15,15,15,15,15,15,15,15,15,15,15,15,15,15,15,15,15,15,15,15,15,15,15,15,7,11
15,15,15,15,15,15,11,11,11,11,15,15,15,15,15,12,12,15,15,15,15,12,11,11,11,11,7,7,15,7,7,7,15,6,6,6,6,11,15,15,15,15,15,15,15,15,15,15,15,15,15,15,15,15,15,11,15,15,15,11,11,11,11,15,6,12,12,15,15,15,15,15,15,15,15,15,15,15,12,12,6,6,15,15,15,15,15,15,15,15,15,15,15,15,15,15,15,15,15,15,15,15,15,15,15,15,15,15,15,15,15,15,15,15,11
15,15,15,15,15,15,11,11,11,11,15,15,15,15,15,11,12,15,15,15,15,12,11,11,11,11,7,7,7,7,7,7,15,6,6,6,6,11,11,15,15,15,15,15,15,15,15,15,15,15,15,15,15,15,15,15,15,15,15,15,11,7,12,12,12,15,15,15,15,15,15,15,15,15,15,15,15,11,11,12,6,6,15,15,15,15,15,15,15,15,15,15,15,15,15,15,15,15,15,15,15,15,15,15,15,15,15,15,15,15,15,15,15,15,15
15,15,15,15,15,11,15,11,11,15,15,15,15,15,15,11,12,15,15,12,12,12,12,6,11,11,7,7,7,7,7,7,15,6,6,6,6,11,11,15,15,15,15,15,15,15,15,15,15,15,15,15,15,15,15,15,15,15,15,15,11,11,12,12,12,15,15,15,15,15,15,15,15,15,15,15,15,15,15,6,15,12,15,15,15,15,15,15,15,15,15,15,15,15,15,15,15,15,15,15,15,15,15,15,15,15,15,15,15,15,15,15,15,15,15
15,15,15,15,15,11,15,11,15,15,15,15,15,15,15,15,15,15,15,12,12,15,15,6,11,11,7,7,7,7,7,11,15,6,6,11,6,11,11,11,15,15,15,15,15,15,15,15,15,15,15,15,15,15,15,15,15,15,11,15,11,11,12,12,12,15,15,15,15,15,15,15,15,15,15,15,15,15,15,6,15,6,11,15,15,15,15,15,15,15,15,15,15,15,15,15,15,15,15,15,15,15,15,15,15,15,15,15,15,15,15,15,15,15,15
15,15,15,15,15,15,15,15,15,15,15,15,15,15,15,15,15,15,15,15,15,15,15,11,11,11,7,7,15,15,7,11,15,6,6,6,6,11,11,11,15,15,15,15,15,15,15,15,15,15,15,15,15,15,15,15,15,15,15,15,11,12,11,15,15,15,15,15,15,15,15,15,15,15,15,15,15,11,11,6,6,6,11,15,15,15,15,15,15,15,15,15,15,15,15,15,15,15,15,15,15,15,15,15,15,15,15,15,15,15,15,15,15,15,15
15,15,15,15,15,15,15,15,15,15,15,15,15,15,15,15,15,15,15,15,15,6,11,11,11,11,7,11,15,7,11,11,15,15,6,6,6,11,11,11,15,15,15,15,15,15,15,15,15,15,15,15,15,15,15,15,15,15,15,15,11,12,11,15,15,15,15,15,15,15,15,15,15,15,15,6,15,15,11,6,6,11,12,11,15,15,15,15,15,15,15,15,15,15,15,15,15,15,15,15,15,15,15,15,15,15,15,15,15,15,15,15,15,15,15
15,15,15,15,15,15,15,15,15,15,15,15,15,15,15,15,15,15,15,15,11,11,15,11,11,11,7,11,11,7,11,7,7,15,15,6,6,11,11,11,15,15,15,15,15,15,15,15,15,15,15,15,15,15,15,15,15,15,15,15,11,6,15,15,15,15,15,15,15,15,15,15,15,15,15,15,15,15,15,6,11,15,12,12,15,15,15,15,15,15,15,15,15,15,15,15,15,15,15,15,15,15,15,15,15,15,15,15,15,15,15,15,15,15,15
15,15,15,15,15,15,15,15,15,15,15,15,15,15,15,15,15,15,15,15,11,15,11,11,11,11,15,11,11,7,11,7,7,11,6,6,6,11,11,11,11,15,15,15,15,15,15,15,15,15,15,15,15,15,15,15,15,15,15,15,11,15,15,15,15,15,15,15,15,15,15,15,15,15,15,15,15,11,11,15,15,15,12,12,12,15,15,15,15,15,15,15,15,15,15,15,15,15,15,15,15,15,15,15,15,15,15,15,15,15,15,15,15,15,15
15,15,15,15,15,15,15,15,15,15,15,15,12,6,15,15,15,15,15,15,11,11,11,11,11,11,15,11,11,7,7,7,11,11,6,6,6,11,11,11,11,11,15,15,15,15,15,15,15,15,15,15,15,15,15,15,15,15,15,15,15,15,15,15,15,15,15,15,15,15,15,15,15,15,15,15,15,15,11,6,15,15,15,12,12,15,15,15,15,15,15,15,15,15,15,15,15,15,15,15,15,15,15,15,15,15,15,15,15,15,15,15,15,15,15
15,15,15,15,15,15,15,15,15,15,15,15,12,6,15,15,15,15,15,15,11,11,15,15,11,11,15,11,11,7,7,7,7,6,6,12,11,11,11,11,11,11,15,15,15,15,11,15,15,15,15,15,15,15,15,15,15,15,15,15,15,15,15,15,15,15,15,15,15,15,15,15,15,15,15,15,15,15,11,6,15,15,6,11,11,15,15,15,15,15,15,15,15,15,15,15,15,15,15,15,15,15,15,15,15,15,15,15,15,15,15,15,15,11,15
15,15,15,15,15,15,15,15,15,15,15,15,12,12,15,15,15,15,15,15,11,11,15,15,15,15,15,12,6,11,7,7,7,6,11,6,11,11,11,11,11,11,11,11,11,11,11,11,15,15,15,15,15,15,15,15,15,15,15,15,15,15,15,15,15,15,15,15,15,15,15,15,15,15,15,15,15,15,11,6,15,15,6,15,15,15,15,15,15,15,15,15,15,15,15,15,15,15,15,15,15,15,15,15,15,15,15,15,15,15,15,15,15,15,15
15,15,15,15,15,15,15,15,15,15,15,15,12,12,15,15,15,15,15,15,15,15,15,15,15,15,11,15,15,11,11,6,15,6,15,6,12,6,15,11,11,6,11,6,6,11,11,11,6,15,15,15,15,15,15,15,15,15,15,15,15,15,15,15,15,15,15,15,15,15,15,15,11,15,15,6,11,11,11,6,15,15,6,15,15,15,15,15,15,15,15,15,15,15,15,15,15,15,15,15,15,15,15,15,15,15,15,15,15,15,15,15,15,15,15
15,15,15,15,15,15,15,15,15,15,15,15,12,12,15,15,15,15,15,15,15,15,15,15,11,15,15,15,6,12,6,6,6,6,6,15,6,6,11,15,6,11,6,6,6,6,11,11,11,11,15,15,15,15,15,15,15,15,15,15,15,15,15,15,15,15,15,15,15,15,15,15,15,15,15,15,6,11,12,6,15,15,12,15,15,15,15,15,15,15,15,15,15,15,15,15,15,15,15,15,15,15,15,15,15,15,15,15,15,15,15,15,15,15,15
15,15,15,15,15,15,15,15,15,15,15,15,12,12,11,15,15,15,15,15,15,15,15,15,15,15,15,15,15,15,6,6,6,6,6,11,11,15,6,11,15,15,15,6,15,6,6,11,11,11,11,15,15,15,15,15,15,15,15,15,15,15,15,15,15,15,15,15,15,15,15,15,15,15,15,15,11,15,15,12,15,11,12,12,15,15,15,15,15,15,15,15,15,15,15,15,15,15,15,15,15,15,15,15,15,15,15,15,15,15,15,15,15,15,15
15,15,15,15,15,15,15,15,15,15,15,12,12,12,11,15,15,15,15,15,15,15,15,15,15,15,15,12,15,11,11,6,6,6,6,6,11,11,15,11,15,15,7,11,11,15,12,11,6,6,11,11,15,15,15,15,15,15,15,15,15,15,15,15,15,15,15,15,15,15,15,15,15,15,15,15,11,15,15,15,15,11,15,11,15,15,15,15,15,15,15,15,15,15,15,15,15,15,15,15,15,15,15,15,15,15,15,15,15,15,15,15,15,15,15
15,15,15,15,15,15,15,15,15,15,15,12,6,15,15,15,15,15,15,15,15,15,15,15,15,15,11,11,15,15,15,11,6,6,6,6,15,11,11,11,15,15,7,11,7,15,15,6,6,6,6,11,15,15,15,15,15,15,15,15,15,15,15,15,15,15,15,15,15,15,15,15,15,15,15,15,15,11,15,15,6,15,11,11,15,15,15,15,15,15,15,15,15,15,15,15,15,15,15,15,15,15,15,15,15,15,15,15,15,15,15,15,15,15,15
15,15,15,15,15,15,15,15,15,15,15,15,15,15,15,15,15,15,15,15,15,15,15,15,15,15,15,11,15,15,15,15,11,11,6,6,15,15,7,7,15,11,11,11,7,7,7,15,15,15,6,6,11,6,15,15,15,15,15,15,15,15,15,15,15,15,15,15,15,15,15,15,15,15,15,15,15,15,15,11,15,11,11,15,15,15,15,15,15,15,15,15,15,15,15,15,15,15,15,15,15,15,15,15,15,15,15,15,15,15,15,15,15,15,15
15,15,15,15,15,15,15,15,15,15,15,15,15,15,15,15,15,15,15,15,15,15,15,15,15,15,15,15,15,15,15,15,15,11,11,6,15,15,11,11,11,11,7,7,11,7,11,11,15,15,6,6,6,6,15,15,15,15,15,15,15,15,15,15,15,15,15,15,15,15,15,15,15,15,15,15,15,15,15,11,15,15,15,15,15,15,15,15,15,15,15,15,15,15,15,15,15,15,15,15,15,15,15,15,15,15,15,15,15,15,15,15,15,15,15
15,15,15,15,15,15,15,15,15,15,15,15,15,15,15,15,15,15,15,15,15,15,15,15,15,15,15,15,15,15,15,15,15,15,15,6,15,15,15,11,11,11,7,7,11,7,7,11,11,15,11,11,6,6,15,15,15,15,15,15,15,15,15,15,15,15,15,15,15,15,15,15,15,15,15,15,15,15,15,11,12,15,15,11,15,15,15,15,15,15,15,15,15,15,15,15,15,15,15,15,15,15,15,15,15,15,15,15,15,15,15,15,15,15,15
15,15,15,15,15,15,15,15,15,15,15,15,15,15,15,15,15,15,15,15,15,15,15,15,15,15,15,15,15,15,15,15,15,15,15,11,6,15,11,11,11,11,7,7,7,7,7,11,11,11,11,11,6,11,6,15,15,15,15,15,15,15,15,15,15,15,15,15,15,15,15,15,15,15,15,15,15,15,15,15,15,11,12,12,15,15,15,15,15,15,15,15,15,15,15,15,15,15,15,15,15,15,15,15,15,15,15,15,15,15,15,15,15,15,15
15,15,15,15,15,15,15,15,15,15,15,15,15,15,15,15,15,15,15,15,15,15,15,15,15,15,15,15,15,15,15,15,15,15,15,15,15,15,15,11,11,7,7,7,7,7,7,11,7,7,11,11,6,11,6,15,15,15,15,15,15,15,15,15,15,15,15,15,15,15,15,15,15,15,15,15,15,15,15,15,15,11,12,12,12,12,15,15,15,15,15,15,15,15,15,15,15,15,15,15,15,15,15,15,15,15,15,15,15,15,15,15,15,15,15
15,15,15,15,15,15,15,15,15,15,15,15,15,15,15,15,15,15,15,15,15,15,15,15,15,15,15,15,15,15,15,15,15,15,15,15,15,15,12,15,15,11,7,7,7,7,7,11,7,7,11,15,15,6,11,15,15,15,15,15,15,15,15,15,15,15,15,15,15,15,15,15,15,15,15,15,15,15,15,15,15,15,12,12,12,12,12,15,15,15,15,15,15,15,15,15,15,15,15,15,15,15,15,15,15,15,15,15,15,15,15,15,15,15,15
15,15,15,15,15,15,15,15,15,15,15,15,15,15,15,15,15,15,15,15,15,15,11,15,15,15,15,15,15,15,15,15,15,15,15,15,15,15,12,15,15,11,7,7,11,7,7,7,7,7,11,15,15,11,11,11,15,15,15,15,15,15,15,15,15,15,15,15,15,15,15,15,15,15,15,15,15,15,15,15,15,15,15,12,12,12,12,12,15,11,15,15,15,15,15,15,15,15,15,15,15,15,15,15,15,15,15,15,15,15,15,15,15,15,15
15,15,15,15,15,15,15,15,15,15,15,15,15,15,15,15,15,15,15,15,15,15,15,15,15,11,12,11,11,15,15,15,15,15,15,15,15,15,15,15,15,15,7,7,11,11,11,7,11,11,11,7,15,6,11,11,15,15,15,15,15,15,15,15,15,15,15,15,15,15,15,15,15,15,15,15,15,11,12,12,11,15,15,15,12,12,12,11,15,15,15,15,15,15,15,15,15,15,15,15,15,15,15,15,15,15,15,15,15,15,15,15,12,15,15
15,15,15,15,15,15,15,15,15,15,15,15,15,15,15,15,15,15,15,15,15,15,15,15,15,11,6,15,15,15,15,15,15,15,15,15,15,15,15,15,11,7,11,7,7,11,7,7,7,7,11,15,15,15,6,11,15,15,15,15,15,15,15,15,15,15,15,15,15,15,15,15,15,15,15,15,15,11,12,12,11,15,15,15,6,6,12,15,15,15,15,15,15,15,15,15,15,15,15,15,15,15,15,15,15,15,15,15,15,15,15,15,15,15,15
15,15,15,15,15,15,15,15,15,15,15,15,15,15,15,15,15,15,15,15,12,6,15,15,15,11,6,15,15,15,15,15,15,15,15,15,15,15,15,15,11,7,11,7,7,11,7,7,7,7,15,15,7,15,6,6,11,15,15,15,15,15,15,15,15,15,15,15,15,15,15,15,15,15,15,15,15,11,12,12,15,11,11,6,6,11,11,6,15,15,15,15,15,15,15,15,15,15,15,15,15,15,15,15,15,15,15,15,15,15,15,15,15,15,15
15,15,15,15,15,15,15,15,15,15,15,15,15,15,15,15,15,15,15,15,11,6,15,15,15,15,15,15,15,15,15,15,15,15,15,15,11,15,15,15,15,11,11,11,7,7,7,7,7,7,7,15,7,15,6,11,15,15,15,15,15,15,15,15,15,15,15,15,15,15,15,15,15,15,15,15,15,15,12,15,15,15,11,6,6,11,11,6,15,15,15,15,15,15,15,15,15,15,15,15,15,15,15,15,15,15,15,15,15,15,15,15,15,15,15
15,15,15,15,15,15,15,15,15,15,15,15,15,15,15,15,15,15,15,15,15,15,15,15,15,15,15,15,15,15,15,15,15,15,15,15,15,15,15,15,15,15,11,11,7,7,7,7,7,7,11,11,7,15,6,11,15,15,15,15,15,15,15,15,15,15,15,15,15,15,15,15,15,15,15,15,15,15,15,15,15,6,6,6,12,12,12,12,12,12,15,15,15,15,15,15,15,15,15,15,15,15,15,15,15,15,15,15,15,15,15,15,15,15,15
15,15,15,15,15,15,15,15,15,15,15,15,15,15,15,15,15,15,15,15,15,15,15,15,15,15,15,15,15,15,15,15,15,15,15,15,15,15,15,15,15,11,15,6,11,11,7,7,7,7,7,11,15,6,6,11,11,11,15,15,15,15,15,15,15,15,15,15,15,15,15,15,15,15,15,15,15,15,15,15,15,12,6,12,11,6,6,12,12,11,12,11,15,15,15,15,15,15,15,15,15,15,15,15,15,15,15,15,15,15,15,15,15,15,15
15,15,15,15,15,15,15,15,15,15,15,15,15,15,15,15,15,15,15,15,15,15,15,15,15,15,15,15,15,15,15,15,15,15,15,15,15,15,15,15,15,11,15,6,15,7,7,7,7,7,7,7,15,7,6,11,11,11,15,15,15,15,15,15,15,15,15,15,15,15,15,15,15,15,15,15,15,15,15,15,15,11,12,12,11,6,6,12,12,11,12,11,15,12,15,15,15,15,15,15,15,15,15,15,15,15,15,15,15,15,15,11,12,11,15
15,15,15,15,15,15,15,15,15,15,15,15,15,15,15,15,15,15,15,15,15,15,15,15,15,15,15,15,15,15,15,15,15,15,15,15,15,15,15,15,15,11,11,11,15,7,7,7,7,7,7,7,7,7,6,11,11,11,15,15,15,15,15,15,15,15,15,15,15,15,15,15,15,15,15,15,15,15,15,15,15,11,12,12,11,6,11,15,11,12,12,12,12,12,12,15,15,15,15,15,15,15,15,15,15,15,15,15,15,15,15,15,15,15,15
15,15,15,15,15,15,15,15,15,15,15,15,15,15,15,15,15,15,15,15,15,15,15,15,15,15,15,15,15,15,15,15,15,15,15,15,15,15,15,15,15,15,15,11,11,11,7,7,7,11,11,11,11,11,6,6,11,11,11,15,15,15,15,15,15,15,15,15,15,15,15,15,15,15,15,15,15,15,15,15,11,6,11,11,11,11,6,11,15,11,12,12,6,12,12,12,15,15,15,15,15,15,15,15,15,15,15,15,15,15,15,15,15,15,15
15,15,15,15,15,15,15,15,15,15,15,15,15,15,15,15,15,15,15,15,15,15,15,15,15,15,15,15,15,15,15,15,15,15,15,15,15,15,15,15,15,15,11,11,6,11,7,7,7,11,11,11,7,11,6,6,11,11,11,15,15,15,15,15,15,15,15,15,15,15,15,15,15,15,15,15,15,15,15,15,11,6,11,15,12,15,15,15,15,12,12,12,11,12,11,11,15,15,15,15,15,15,15,15,15,15,15,15,15,15,15,15,15,15,15
15,15,15,15,15,15,15,15,15,15,15,15,15,15,15,15,15,15,15,15,15,15,15,15,15,15,15,15,15,15,15,15,15,15,15,15,15,15,15,15,15,15,15,15,11,6,7,7,7,7,7,7,11,11,6,6,11,11,11,15,15,15,15,15,15,15,15,15,15,15,15,15,15,15,15,15,15,15,15,15,6,12,15,12,15,15,15,15,15,12,12,12,11,12,12,6,15,15,15,15,15,15,15,15,15,15,15,15,15,15,15,15,15,15,15
15,15,15,15,15,15,15,15,15,15,15,15,15,15,15,15,15,15,15,15,15,15,15,15,15,15,15,15,15,15,15,15,15,15,15,15,12,15,15,15,15,15,15,6,11,11,7,7,7,7,7,7,11,11,6,11,11,11,15,15,15,15,15,15,15,15,15,15,15,15,15,15,15,15,15,15,15,15,15,11,15,6,15,12,11,11,15,11,15,12,12,12,11,12,12,12,6,15,15,15,15,15,15,15,15,15,15,15,15,15,15,15,15,15,15
15,15,15,15,15,15,15,15,15,15,15,15,15,15,15,15,15,15,15,15,15,15,15,15,15,15,15,15,15,15,15,15,15,15,15,15,15,11,15,15,15,15,15,15,11,11,7,7,15,7,7,7,15,15,6,11,11,11,15,15,15,15,15,15,15,15,15,15,15,15,15,15,15,15,15,15,15,15,15,11,11,11,12,12,11,11,11,12,12,11,12,12,6,12,12,6,12,15,15,15,15,15,15,15,15,15,15,15,15,15,15,15,15,15,15
15,15,15,15,15,15,15,15,15,15,15,15,15,15,15,15,15,15,15,15,15,15,15,15,15,15,15,15,15,15,15,15,15,15,15,15,15,11,15,15,15,15,12,12,11,11,7,7,15,7,7,7,15,15,11,6,11,6,11,15,15,15,15,15,15,15,15,15,15,15,15,15,15,15,15,15,15,15,11,11,15,15,12,12,11,11,6,12,12,11,12,12,6,12,15,12,15,11,15,15,15,15,15,15,15,15,15,15,15,15,15,15,15,15,15
15,15,15,15,15,15,15,15,15,15,15,15,15,15,15,15,15,15,15,15,15,15,15,15,15,15,15,15,15,15,15,15,15,15,15,15,15,15,15,15,15,15,12,12,11,11,7,7,7,7,7,15,15,6,6,6,11,11,6,11,11,15,15,15,15,15,15,15,15,15,15,15,15,15,15,11,15,15,11,11,15,15,15,6,6,11,6,11,11,12,12,12,6,12,15,12,12,15,15,15,15,15,15,15,15,15,15,15,15,15,15,15,15,15,15
15,15,15,15,15,15,15,15,15,15,15,15,15,15,15,15,15,15,15,15,15,15,15,15,15,15,15,15,15,15,15,15,15,15,15,15,15,15,15,15,15,15,15,12,6,15,11,7,7,7,7,15,15,11,6,11,11,6,6,11,15,15,15,15,15,15,15,15,15,15,15,15,15,15,15,15,15,15,15,15,15,15,15,6,6,15,11,11,12,12,12,12,12,12,15,12,12,11,15,15,15,15,15,15,15,15,15,15,15,15,15,12,12,11,15
15,15,15,15,15,15,15,15,15,15,15,15,15,15,15,15,15,15,15,15,15,15,15,15,15,15,15,15,15,15,15,15,15,15,15,15,15,15,15,15,15,15,15,11,6,11,7,7,7,7,7,7,15,11,6,6,11,6,11,11,11,15,15,15,15,15,15,15,15,15,15,15,15,15,15,15,15,15,15,15,15,15,15,15,11,15,11,12,12,12,12,12,12,6,15,12,12,11,15,15,15,15,15,15,15,15,15,15,15,15,15,12,12,11,15
15,15,15,15,15,15,15,15,15,15,15,15,15,15,15,15,15,15,15,15,15,15,15,15,15,15,15,15,15,15,15,15,15,15,15,15,15,15,15,15,15,15,15,15,12,11,7,15,7,7,11,7,15,15,6,6,11,11,11,11,11,15,15,15,15,15,15,15,15,15,15,15,15,15,15,15,15,15,15,15,15,15,15,15,15,15,12,11,11,12,12,12,11,11,12,12,12,11,15,15,15,15,15,15,15,15,15,15,15,15,15,15,15,15,15
15,15,15,15,15,15,15,15,15,15,15,15,15,15,15,15,15,15,15,15,15,15,15,15,15,15,15,15,15,15,15,15,15,15,15,15,15,15,15,15,15,15,15,11,11,12,15,15,7,7,7,7,15,15,6,6,6,11,6,11,11,15,15,15,15,15,15,15,15,15,15,15,15,15,15,15,15,15,15,15,15,15,15,15,11,15,12,6,11,12,12,11,11,6,11,11,15,15,12,15,15,15,15,15,15,15,15,15,15,15,15,15,15,15,15
15,15,15,15,15,15,15,15,15,15,15,15,15,15,15,15,15,15,15,15,15,15,15,15,15,15,15,15,15,15,15,15,15,15,15,15,15,15,15,15,15,15,11,11,15,12,15,11,7,7,11,7,7,15,6,6,6,11,6,11,11,15,15,15,15,15,15,15,15,15,15,15,15,15,15,15,15,15,15,15,15,15,15,15,12,15,12,12,12,12,12,11,11,6,6,11,11,15,6,15,15,15,15,15,15,15,15,15,15,15,15,15,15,15,15
15,15,15,15,15,15,15,15,15,15,15,15,15,15,15,15,15,15,15,15,15,15,15,15,15,15,15,15,15,15,15,15,15,15,15,15,15,15,15,15,15,15,15,15,15,15,11,11,7,7,7,7,11,15,6,6,6,11,6,11,11,15,15,15,15,15,15,15,15,15,15,15,15,15,15,15,15,15,15,15,15,15,15,15,12,12,11,12,6,12,12,12,12,6,6,11,11,15,6,15,15,15,15,15,15,15,15,15,15,15,15,15,15,15,15
15,15,15,15,15,15,15,15,15,15,15,15,15,15,15,15,15,15,15,15,15,15,15,15,15,15,15,15,15,15,15,15,15,15,15,15,15,15,15,15,15,15,15,15,6,15,11,11,11,11,7,7,11,11,6,11,6,6,6,11,11,11,11,15,15,15,15,15,15,15,15,15,15,15,15,15,15,15,15,15,15,15,15,15,15,12,11,12,6,12,12,12,12,6,6,11,15,6,12,15,15,15,15,15,15,15,15,15,15,15,15,15,15,15,15
15,15,15,15,15,15,15,15,15,15,15,15,15,15,15,15,15,15,15,15,15,15,15,15,15,15,15,15,15,15,15,15,15,15,15,15,15,15,15,15,15,15,15,15,15,6,11,11,15,11,15,7,7,15,6,15,6,6,11,11,11,11,11,15,15,15,15,15,15,15,15,15,15,15,15,15,15,15,15,15,15,15,15,15,15,15,15,11,15,12,12,12,12,6,6,11,15,15,12,15,15,15,15,15,15,15,15,15,15,15,15,15,15,15,15
15,15,15,15,15,15,15,15,15,15,15,15,15,15,15,15,15,15,15,15,15,15,15,15,15,15,15,15,15,15,15,15,15,15,15,15,15,15,15,15,15,15,15,15,11,6,11,11,15,11,15,7,7,15,15,15,6,11,6,11,11,11,6,11,15,15,15,15,15,15,15,15,15,15,15,15,15,15,15,15,15,15,15,15,15,15,15,15,11,12,6,12,12,11,15,15,15,12,12,15,15,15,15,15,15,15,15,15,15,15,15,15,15,15,15
15,15,15,15,15,15,15,15,15,15,15,15,15,15,15,15,15,15,15,15,15,15,15,15,15,15,15,15,15,15,15,15,15,15,15,15,15,15,15,15,15,15,15,15,11,6,11,12,6,11,15,11,7,7,11,15,11,11,11,11,11,11,11,11,15,15,15,15,15,15,15,15,15,15,15,15,15,15,15,15,15,15,15,15,15,15,15,15,15,12,12,12,15,11,15,15,15,12,12,15,15,15,15,15,15,15,15,15,15,15,15,15,15,15,15
15,15,15,15,15,15,15,15,15,15,15,15,15,15,15,15,15,15,15,15,15,15,15,15,15,15,15,15,15,15,15,15,15,15,15,15,15,15,15,15,15,15,15,15,15,12,11,12,11,11,15,7,11,11,11,15,6,6,11,11,11,6,6,6,15,15,15,15,15,15,15,15,15,15,15,15,15,15,15,15,15,15,15,15,15,15,15,15,15,12,11,12,11,11,11,15,15,12,6,15,15,15,15,15,15,15,15,15,15,15,15,15,15,15,15
15,15,15,15,15,15,15,15,15,15,15,15,15,15,15,15,15,15,15,15,15,15,15,15,15,15,15,15,15,15,12,15,15,15,15,15,15,15,15,15,15,15,11,15,15,15,11,12,11,11,6,6,11,11,11,11,6,15,15,6,6,6,6,6,15,15,15,15,15,15,15,15,15,15,15,15,15,15,15,15,15,15,15,15,15,15,11,15,15,11,11,12,11,11,11,11,15,15,6,15,15,15,15,15,15,15,15,15,15,15,15,15,15,15,15
